Description,Calibre,Head Diameter (mm),Weight Grains,Weight Grams
Description,Calibre,Head Diameter (mm),Weight (gr),Weight (g)
Air Arms Diabolo Express,.177,4.52,7.87,0.510
Air Arms Diabolo Field ,.177,4.51,8.4,0.544
Air Arms Diabolo Field ,.177,4.52,8.4,0.544
Air Arms Diabolo Field ,.22,5.51,16,1.037
Air Arms Diabolo Field ,.22,5.52,16,1.037
Air Arms Diabolo Field ,.25,6.35,25.4,1.646
Air Arms Diabolo Field Heavy,.22,5.5,18,1.166
Air Arms Diabolo Hunter,.22,5.5,16,1.037
Air Arms Diabolo Match,.177,4.49,8,0.52
ASG Blaster,.177,4.5,5.4,0.350
ASG Diabolo,.177,4.5,7.25,0.47
Bisley Long Range Gold,.177,4.52,7.56,0.490
Bisley Long Range Gold,.22,5.52,14.2,0.920
Bisley Magnum,.22,5.52,21.14,1.370
Bisley Magnum,.177,4.50,10.65,0.690
Bisley Magnum,.177,4.51,10.65,0.690
Bisley Magnum,.177,4.52,10.65,0.690
Bisley Pest Control,.20,5,12.81,0.83
Bisley Pest Control,.25,6.35,25.8,1.672
Bisley Pest Control,.177,4.52,8.8,0.570
Bisley Pest Control,.22,5.52,18.21,1.180
Bisley Practice,.177,4.52,8.18,0.530
Bisley Practice,.22,5.52,13.73,0.890
Bisley Premier,.177,4.52,11.57,0.750
Bisley Premier,.22,5.52,17.13,1.110
Bisley Superfield,.20,5.0,11.42,0.740
Bisley Superfield,.25,6.35,24.38,1.580
Bisley Superfield,.177,4.52,8.64,0.560
Bisley Superfield,.22,5.52,14.66,0.950
Bisley Wasp Blue,.22,5.6,14.65,0.949
Bisley Wasp Magnum,.22,5.5,30,1.944
Bisley Wasp Purple,.22,5.5,14.5,0.94
Bisley Wasp Red,.177,4.5,7.34,0.476
BSA Elite,.177,4.5,7.87,0.51
BSA Elite,.22,5.5,15.43,1
BSA Interceptor,.177,4.5,7.87,0.51
BSA Interceptor,.22,5.5,15.43,1
BSA Pylarm,.25,6.3,18.82,1.22
BSA Storm,.177,4.5,7.87,0.51
BSA Storm,.22,5.5,15.43,1
Coal Basic,.177,4.5,8.64,0.56
Coal Classic,.22,5.5,12.34,0.8
Coal Fenix,.177,4.5,9.57,0.62
Coal Fenix,.22,5.5,16.89,1.094
Coal Field,.177,4.5,8.64,0.56
Coal Field,.22,5.5,15.43,1
Coal Field Target,.177,4.52,8.64,0.574
Coal Field Target,.177,4.49,8.64,0.574
Coal Field Target,.177,4.5,8.64,0.574
Coal Field Target,.22,5.52,15.43,1
Coal Field Target,.22,5.5,15.43,1
Coal Field Target,.22,5.49,15.43,1
Coal Heavy Domed,.25,6.35,30.86,2
Coal Heavy Pointed,.25,6.35,30.86,2
Coal Match Pistol,.177,4.51,7.56,0.49
Coal Match Pistol,.177,4.49,7.56,0.49
Coal Match Pistol,.177,4.5,7.56,0.49
Coal Match Pistol,.177,4.5,7.72,0.5
Coal Match Rifle,.177,4.51,8.02,0.52
Coal Match Rifle,.177,4.49,8.02,0.52
Coal Match Rifle,.177,4.5,8.02,0.52
Coal Pointed,.177,4.5,8.64,0.56
Coal Pointed,.22,5.5,15.43,1
Coal Rapid Action,.177,4.5,4.71,0.305
Coal Starter Domed,.177,4.5,6.94,0.45
Coal Starter Pointed,.177,4.5,6.94,0.45
Coal Starter Wadcutter,.177,4.5,6.94,0.45
Crosman Premier Domed,.177,4.5,10.5,0.68
Crosman Premier Super Point,.177,4.5,7.9,0.512
Crosman Wadcutter,.177,4.5,0.480,7.4
Daystate FT Heavy,.177,4.52,10.25,0.664
Daystate Rangemaster Emperor,.30,7.62,50.15,3.250
Daystate Rangemaster Emperor Light,.30,7.62,44.75,2.90
Daystate Rangemaster Kaiser,.177,4.5,8.64,0.56
Daystate Rangemaster Kaiser,.22,5.5,14.66,0.95
Daystate Rangemaster Kaiser,.20,5.0,11.42,0.74
Daystate Rangemaster Li,.177,4.5,7.9,0.512
Daystate Rangemaster Li,.22,5.5,14.3,0.927
Daystate Rangemaster Sovereign,.177,4.5,8.44,0.547
Daystate Rangemaster Sovereign,.20,5,13.7,0.888
Daystate Rangemaster Sovereign,.22,5.5,15.9,1.030
GAMO Match Diabolo,.177,4.5,7.71,0.5
GAMO Pro Hunter,.22,5.5,15.43,1
GAMO Pro Magnum,.22,5.5,15.43,1
GAMO Raptor Power,.22,5.5,9.9,0.642
GAMO Round Lead BB's,.177,4.5,8.17,0.529
GECO Flat Pistol,.177,4.5,7.7,0.499
GECO Superpoint,.177,4.5,7.7,0.499
H&N Baracuda,.20,5.00,13.58,0.880
H&N Baracuda,.25,6.35,30.86,2.000
H&N Baracuda 15,.22,5.50,15.89,1.03
H&N Baracuda 18,.22,5.5,18.13,1.175
H&N Baracuda 8,.177,4.51,8.44,0.547
H&N Baracuda FT,.177,4.50,9.57,0.620
H&N Baracuda FT,.177,4.51,9.57,0.620
H&N Baracuda Green,.177,4.52,10.34,0.670
H&N Baracuda Green,.22,5.52,18.21,1.180
H&N Baracuda Green,.25,6.35,19.91,1.290
H&N Baracuda Hunter,.177,4.52,10.34,0.670
H&N Baracuda Hunter,.22,5.52,18.21,1.180
H&N Baracuda Hunter,.25,6.35,27.47,1.780
H&N  Baracuda Hunter Extreme,.22,5.5,18.52,1.200
H&N Baracuda Hunter Extreme,.177,4.50,9.57,0.620
H&N Baracuda Hunter Extreme,.22,5.50,18.52,1.200
H&N Baracuda Hunter Extreme,.25,6.35,28.24,1.830
H&N Baracuda Light,.177,4.51,9.55,0.619
H&N Baracuda Light,.177,4.50,9.55,0.619
H&N Baracuda Match,.177,4.51,10.65,0.690
H&N Baracuda Match,.177,4.52,10.65,0.690
H&N Baracuda Match,.22,5.51,21.14,1.370
H&N Baracuda Match,.22,5.52,21.14,1.370
H&N Baracuda Power,.177,4.52,10.65,0.690
H&N Baracuda Power,.22,5.52,21.14,1.370
H&N Crow Magnum Diabolo,.25,6.35,26.23,1.7
H&N Excite Coppa-Point,.177,4.50,7.87,0.510
H&N Excite Coppa-Point,.22,5.50,16.05,1.040
H&N Excite Econ Hobby II,.177,4.52,8.65,0.561
H&N Excite Hammer,.177,4.49,7.87,0.510
H&N Excite Hammer,.22,5.53,14.66,0.950
H&N Excite Smart Shot BBs,.177,4.50,7.4,0.480
H&N Excite Spike,.177,4.49,7.87,0.510
H&N Excite Spike,.22,5.5,16.05,1.040
H&N Field Target Trophy,.177,4.52,8.64,0.560
H&N Field Target Trophy,.20,5.00,11.42,0.740
H&N Field Target Trophy,.22,5.53,14.66,0.950
H&N Field Target Trophy,.25,6.35,20.06,1.300
H&N Field Target Trophy Green,.177,4.52,10.34,0.670
H&N Field Target Trophy Green,.22,5.52,18.21,1.180
H&N Field Target Trophy Power,.177,4.52,10.65,0.690
H&N Field Target Trophy Power,.22,5.52,21.14,1.370
H&N Finale Match Heavy,.177,4.49,8.18,0.530
H&N Finale Match Heavy,.177,4.50,8.18,0.530
H&N Finale Match Light,.177,4.49,7.87,0.510
H&N Finale Match Light,.177,4.50,7.87,0.510
H&N Finale Match Pistol,.177,4.49,7.56,0.49
H&N Finale Match Pistol,.177,4.51,7.56,0.49
H&N Finale Maxx Heavy,.177,4.49,8.18,0.530
H&N Finale Maxx Heavy,.177,4.50,8.18,0.530
H&N Finale Maxx Light,.177,4.49,7.87,0.510
H&N Finale Maxx Light,.177,4.50,7.87,0.510
H&N Grizzly,.25,6.35,31,2.009
H&N Grizzly,.35,9.00,82,5.314
H&N Hornet,.177,4.50,9.57,0.620
H&N Hornet,.22,5.50,16.2,1.050
H&N Hornet,.25,3.65,22.07,1.430
H&N Match Green,.177,4.5,5.25,0.340
H&N Match Heavy,.177,4.49,8.18,0.530
H&N Match Heavy,.177,4.50,8.18,0.530
H&N Match Light,.177,4.49,7.87,0.510
H&N Match Light,.177,4.50,7.87,0.510
H&N Match Pistol,.177,4.58,8.18,0.53
H&N Match Pistol,.177,4.49,8.18,0.53
H&N Match Pistol,.177,4.5,8.18,0.53
H&N Match Pistol,.177,4.51,8.18,0.53
H&N Pointed (Spitzkugel),.177,4.5,8.64,0.56
H&N Pointed (Spitzkugel),.20,5,10.96,0.71
H&N Pointed (Spitzkugel),.22,5.5,15.74,1.02
H&N Rabbit Magnum II,.177,4.5,15.74,1.020
H&N Rabbit Magnum II,.22,5.5,25.31,1.640
H&N Rabbit Magnum Power,.177,4.52,15.59,1.010
H&N Rabbit Magnum Power,.22,5.52,25.31,1.640
H&N Slug HP,.177,4.50,13,0.842
H&N Slug HP,.177,4.50,16,1.037
H&N Slug HP,.177,4.50,20,1.296
H&N Slug HP .217,.22,5.51,21,1.361
H&N Slug HP .217,.22,5.51,23,1.490
H&N Slug HP .217,.22,5.51,25,1.620
H&N Slug HP .217,.22,5.51,27,1.750
H&N Slug HP .217,.22,5.51,30,1.944
H&N Slug HP .218,.22,5.53,21,1.361
H&N Slug HP .218,.22,5.53,23,1.490
H&N Slug HP .218,.22,5.53,25,1.620
H&N Slug HP .218,.22,5.53,27,1.750
H&N Slug HP .218,.22,5.53,30,1.944
H&N Slug HP .249,.25,6.34,28,1.814
H&N Slug HP .249,.25,6.34,30,1.944
H&N Slug HP .249,.25,6.34,32,2.074
H&N Slug HP .249,.25,6.34,34,2.203
H&N Slug HP .249,.25,6.34,36,2.333
H&N Slug HP .250,.25,6.36,28,1.814
H&N Slug HP .250,.25,6.36,30,1.944
H&N Slug HP .250,.25,6.36,32,2.074
H&N Slug HP .250,.25,6.36,34,2.203
H&N Slug HP .250,.25,6.36,36,2.333
H&N Slug HP Heavy .217,.22,5.51,34,2.203
H&N Slug HP Heavy .217,.22,5.51,36,2.333
H&N Slug HP Heavy .217,.22,5.51,38,2.462
H&N Slug HP Heavy .217,.22,5.51,40,2.592
H&N Slug HP Heavy .218,.22,5.53,34,2.203
H&N Slug HP Heavy .218,.22,5.53,36,2.333
H&N Slug HP Heavy .218,.22,5.53,38,2.462
H&N Slug HP Heavy .218,.22,5.53,40,2.592
H&N Slug HP Heavy .249,.25,6.34,38,2.462
H&N Slug HP Heavy .249,.25,6.34,40,2.592
H&N Slug HP Heavy .249,.25,6.34,42,2.722
H&N Slug HP Heavy .249,.25,6.34,44,2.851
H&N Slug HP Heavy .249,.25,6.34,46,2.981
H&N Slug HP Heavy .250,.25,6.36,38,2.462
H&N Slug HP Heavy .250,.25,6.36,40,2.592
H&N Slug HP Heavy .250,.25,6.36,42,2.722
H&N Slug HP Heavy .250,.25,6.36,44,2.851
H&N Slug HP Heavy .250,.25,6.36,46,2.981
H&N Smart Shot BB's,.177,4.5,7.4,0.480
H&N Spitzkugel Pointed,.177,4.50,8.64,0.560
H&N Spitzkugel Pointed,.22,5.50,16.05,1.040
H&N Terminator,.177,4.50,7.25,0.470
H&N Terminator,.22,5.50,13.36,0.866
HT-X3006 Drop Test,.22,5.5,385000,25000
JSB .216 Knock Out Slugs MKII,.22,5.486,25.39,1.645
JSB .217 Knock Out Slugs MKII,.22,5.512,25.39,1.645
JSB Exact,.177,4.51,8.44,0.547
JSB Exact,.177,4.50,8.44,0.547
JSB Exact,.177,4.52,8.44,0.547
JSB Exact,.177,4.53,8.44,0.547
JSB Exact,.303,7.62,44.75,2.90
JSB Exact Beast,.177,4.52,16.2,1.05
JSB  Exact Diabolo,.177,4.51,8.44,0.547
JSB Exact Express,.177,4.52,7.87,0.51
JSB Exact Heavy,.177,4.51,10.34,0.67
JSB Exact Heavy,.177,4.52,10.34,0.67
JSB Exact Heavy,.25,6.35,33.95,2.20
JSB Exact Heavy,.303,7.62,50.15,3.25
JSB Exact Monster,.177,4.52,13.45,0.872
JSB Exact Monster,.22,5.52,25.39,1.645
JSB Exact Premium,.177,4.52,8.44,0.547
JSB Exact RS,.177,4.52,7.33,0.47
JSB Hades,.22,5.5,15.89,1.030
JSB Hades,.177,4.50,10.34,0.670
JSB Hades,.25,6.35,26.54,1.72
JSB Jumbo Exact,.20,5,13.73,0.891
JSB Jumbo Exact,.22,5.51,15.89,1.03
JSB Jumbo Exact,.22,5.52,15.89,1.03
JSB Jumbo Exact Beast,.22,5.52,33.95,2.20
JSB Jumbo Exact Express,.22,5.52,14.35,0.93
JSB Jumbo Exact Heavy,.22,5.52,18.13,1.17
JSB Jumbo Exact RS,.22,5.52,13.43,0.87
JSB Knock Out Slugs,.177,4.51,10.03,0.65
JSB Knock Out Slugs,.177,4.52,13.43,0.87
JSB Predator Metalmag,.177,4.50,8.48,0.55
JSB Predator Metalmag,.22,5.50,16.97,1.10
JSB Predator Polymag,.177,4.50,8.0,0.52
JSB Predator Polymag,.22,5.50,16,1.04
JSB Predator Polymag,.20,5.0,13,0.84
JSB Predator Polymag Shorts,.177,4.5,8.02,0.52
JSB Predator Polymag Shorts,.22,5.5,15.89,1.03
JSB Stratton,.22,5.5,15.89,1.03
JTS Dead Centre,.22,5.5,16.05,1.04
Logun  Penetrator,.177,4.5,9.5,0.616
Logun  Penetrator,.20,5.05,15.6,1.011
Logun  Penetrator,.22,5.5,16,1.037
Pro Hunter Swaging Premium High Impact Slugs,.177,4.49,10.5,0.680
Pro Hunter Swaging Premium High Impact Slugs,.177,4.49,13,0.842
Pro Hunter Swaging Premium High Impact Slugs,.177,4.49,15,0.972
Pro Hunter Swaging Premium High Impact Slugs,.177,4.49,18,1.166
Pro Hunter Swaging Premium High Impact Slugs,.22,5.50,17.8,1.153
Pro Hunter Swaging Premium High Impact Slugs,.22,5.50,22.8,1.477
Pro Hunter Swaging Premium High Impact Slugs,.22,5.50,28,1.814
Pro Hunter Swaging Premium High Impact Slugs,.25,6.35,30,1.944
Pro Hunter Swaging Premium High Impact Slugs,.25,6.35,32,2.074
Pro Hunter Swaging Premium High Impact Slugs,.30,7.62,53,3.434
Pro Hunter Swaging Premium High Impact Slugs,.30,7.62,58,3.758
Pro Hunter Swaging Premium Standard Slugs,.177,4.49,13,0.842
Pro Hunter Swaging Premium Standard Slugs,.177,4.49,15,0.972
Pro Hunter Swaging Premium Standard Slugs,.177,4.49,18,1.166
Pro Hunter Swaging Premium Standard Slugs,.22,5.50,26,1.685
Pro Hunter Swaging Premium Standard Slugs,.22,5.50,28,1.814
Pro Hunter Swaging Premium Standard Slugs,.25,6.35,36,2.333
Pro Hunter Swaging Premium Standard Slugs,.25,6.35,38,2.462
Pro Hunter Swaging Premium Standard Slugs,.30,7.62,50,3.240
Pro Hunter Swaging Premium Standard Slugs,.30,7.62,60,3.888
Prometheus  Hunter Black,.22,5.5,9,0.583
Prometheus  Hunter Red,.177,4.5,6,0.389
Prometheus  Hunter White,.177,4.5,4.3,0.279
Prometheus  Paragon Blue,.25,6.35,15,0.972
Prometheus  Paragon Brown,.177,4.5,8,0.518
Prometheus  Paragon Orange,.22,5.5,11.5,0.745
Prometheus  Paragon Violet,.24,6.1,15,0.972
Prometheus  Paragon Yellow,.22,5.5,14.5,0.94
QYS Domed,.177,4.49,8.48,0.549
QYS Domed,.177,4.5,8.48,0.549
QYS Domed Heavy,.177,4.49,9.56,0.619
QYS Domed Heavy,.177,4.5,9.56,0.619
QYS Match Flat Nose,.177,4.5,8.18,0.530
QYS Olympic Flat Nose,.177,4.5,8.18,0.530
QYS Pointed,.177,4.5,8.48,0.549
QYS Pointed Heavy,.177,4.5,9.56,0.619
QYS Strealined Heavy,.177,4.49,9.56,0.619
QYS Strealined Heavy,.177,4.5,9.56,0.619
QYS Streamlined,.177,4.49,8.48,0.549
QYS Streamlined,.177,4.5,8.48,0.549
QYS Training Flat Nose,.177,4.5,8.18,0.530
RWS Hobby,.22,5.51,11.9,0.771
RWS Hobby,.177,4.5,7,0.454
RWS Super Dome,.177,4.50,0.538,8.3
RWS Super Field,.177,4.52,0.544,8.4
RWS Super Field,.22,5.5,1.030,15.9
Umarex Mosquito,.22,5.50,12.8,0.83
Umarex Steel BB,.177,4.5,0.350,5.4
Umarex Steel BB's,.177,4.5,0.350,0.02
Webley Accupell,.177,4.5,7.9,0.512
Webley Accupell,.20,5,14.3,0.927
Webley Accupell,.22,5.5,14.3,0.927
Webley Accupell FT,.177,4.52,8.18,0.53
Webley Accupell FT,.22,5.53,14.66,0.95
Webley Match Pell,.177,4.5,7.9,0.512
Webley Match Pell,.22,5.5,14.3,0.927
Webley Powa Pell,.177,4.5,7.9,0.512
Webley Powa Pell,.22,5.5,14.3,0.927
Webley Vermin,.177,4.5,7.9,0.512
Webley Vermin,.22,5.5,14.3,0.927
Webley VMX Pell,.177,4.5,8.18,0.53
Webley VMX Pell,.22,5.5,14.66,0.95
Weihrauch F&T Special,.22,5.51,14.66,0.95
Weihrauch F&T Special,.177,4.51,8.64,0.56
Weihrauch FT-Exact,.22,5.51,15.89,1.03
Weihrauch FT-Exact,.177,4.51,8.44,0.547
Weihrauch FT-Exact,.20,5.1,13.3,0.862
Weihrauch Magnum Diabolo,.177,4.51,10.65,0.69
Weihrauch Magnum Diabolo,.22,5.51,21.14,1.37
