Type,Make,Model,Calibre
Spring,Air Arms,Pro Sport,.177
Spring,Air Arms,Pro Sport,.22
Spring,Air Arms,TX200 Mk1,.177
Spring,Air Arms,TX200 Mk1,.22
Spring,Air Arms,TX200 Mk2,.177
Spring,Air Arms,TX200 Mk2,.22
Spring,Air Arms,TX200 Mk3 (HC),.177
Spring,Air Arms,TX200 Mk3 (HC),.22
Spring,Anschutz,335,.177
Spring,Anschutz,335,.22
Spring,Beeman,C1,.177
Spring,Beeman,C1,.22
Spring,Beeman,C1 Elite,.177
Spring,Beeman,C1 Elite,.22
Spring,Beeman,HW35,.177
Spring,Beeman,HW35,.22
Spring,Beeman,HW35,.20
Spring,Beeman,R1,.177
Spring,Beeman,R1,.22
Spring,Beeman,R7,.177
Spring,Beeman,R7,.22
Spring,Beeman,R9,.177
Spring,Beeman,R9,.22
Spring,Beeman,R10,.177
Spring,Beeman,R10,.22
Spring,Beeman,R11,.177
Spring,Beeman,R11,.22
Spring,Beeman,Silver Bear,.177
Spring,Beeman,Silver Bear,.22
Spring,Beeman,Silver Kodiak,.177
Spring,Beeman,Silver Kodiak,.22
Spring,BSA,Gold Star,.177
Spring,BSA,Gold Star,.22
Spring,BSA,Gold Star SE,.177
Spring,BSA,Lightning,.177
Spring,BSA,Lightning,.22
Spring,BSA,Lightning,.25
Spring,BSA,Lightning CLX,.177
Spring,BSA,Lightning CLX,.22
Spring,BSA,Lightning GRT,.177
Spring,BSA,Lightning GRT,.22
Spring,BSA,Meteor,.177
Spring,BSA,Meteor,.22
Spring,BSA,Meteor Carbine,.177
Spring,BSA,Meteor Carbine,.22
Spring,BSA,Super Star,.177
Spring,BSA,Super Star,.22
Spring,BSA,Supersport,.177
Spring,BSA,Supersport,.22
Spring,BSA,Supersport,.25
Spring,BSA,Supersport Carbine,.177
Spring,BSA,Supersport Carbine,.22
Spring,BSA,AirSporter Mk2,.177
Spring,BSA,AirSporter Mk2,.22
Spring,BSA,Mercury Mk1,.177
Spring,BSA,Mercury Mk1,.22
Spring,BSA,Mercury Mk2,.177
Spring,BSA,Mercury Mk2,.22
Spring,BSA,Mercury Mk3,.177
Spring,BSA,Mercury Mk3,.22
Spring,BSA,Mercury S,.177
Spring,BSA,Mercury S,.22
Spring,BSA,Mercury Challenger,.177
Spring,BSA,Mercury Challenger,.22
Spring,BSA,635 Magnum,.25
Spring,Cometa,220,.177
Spring,Cometa,220,.22
Spring,Cometa,400,.177
Spring,Cometa,400,.22
Spring,Cometa,Fenix 220 USC,.177
Spring,Cometa,Fenix 220 USC,.22
Spring,Cometa,Fenix 400 USC,.177
Spring,Cometa,Fenix 400 USC,.22
Spring,Crosman,Quest,.177
Spring,Crosman,Quest,.22
Spring,Crosman,Quest,.25
Spring,Diana,34,.177
Spring,Diana,34,.22
Spring,Diana,34,.20
Spring,Diana,350,.177
Spring,Diana,350,.22
Spring,Diana,460 Magnum,.177
Spring,Diana,460 Magnum,.22
Spring,Diana,460 Magnum,.25
Spring,Diana,48,.177
Spring,Diana,48,.22
Spring,Diana,52,.177
Spring,Diana,52,.22
Spring,Diana,54,.177
Spring,Diana,54,.22
Spring,Diana,75th Anniversary 54,.177
Spring,Diana,75th Anniversary 54,.22
Spring,Diana,Model 27,.177
Spring,Diana,Model 27,.22
Spring,Diana,Model 45,.177
Spring,Diana,Model 45,.22
Spring,Diana,Model 50,.177
Spring,Diana,Model 50,.22
Spring,Feinwerkbau,300S,.177
Spring,Feinwerkbau,300S,.22
Spring,Feinwerkbau,Sport 124,.177
Spring,Feinwerkbau,Sport 124,.22
Spring,Feinwerkbau,Sport 124 Limited,.177
Spring,Gamo,Big Cat,.177
Spring,Gamo,Big Cat,.22
Spring,Gamo,CFX,.177
Spring,Gamo,CFX,.22
Spring,Gamo,Coyote,.177
Spring,Gamo,Coyote,.22
Spring,Gamo,Hunter 440,.177
Spring,Gamo,Hunter 440,.22
Spring,Gamo,Hunter 1250,.177
Spring,Gamo,Hunter 1250,.22
Spring,Gamo,Magnum,.25
Spring,Gamo,Shadow 1000,.177
Spring,Gamo,Shadow 1000,.22
Spring,Haenel,Model 303,.177
Spring,Haenel,Model 303,.22
Spring,Hatsan,95,.177
Spring,Hatsan,95,.22
Spring,Hatsan,95,.25
Spring,Hatsan,95,.30
Spring,Hatsan,125,.177
Spring,Hatsan,125,.22
Spring,Hatsan,125,.25
Spring,Hatsan,125,.30
Spring,Hatsan,135,.177
Spring,Hatsan,135,.22
Spring,Hatsan,135,.25
Spring,Hatsan,135,.30
Spring,Norica,Black Eagle,.177
Spring,Norica,Black Eagle,.22
Spring,Norica,Black Eagle Pro,.177
Spring,Norica,Black Eagle Pro,.25
Spring,Norica,Marvic Gold,.177
Spring,Norica,Marvic Gold,.22
Spring,Norica,Quick,.177
Spring,Norica,Quick,.22
Spring,SMK,XS19,.177
Spring,SMK,XS19,.22
Spring,SMK,XS25,.177
Spring,SMK,XS25,.22
Spring,SMK,XS38,.177
Spring,SMK,XS38,.22
Spring,SMK,XS501,.177
Spring,SMK,XS501,.22
Spring,Stoeger,X20,.177
Spring,Stoeger,X20,.22
Spring,Stoeger,X50,.177
Spring,Stoeger,X50,.22
Spring,Weihrauch,HW30S,.177
Spring,Weihrauch,HW30S,.22
Spring,Weihrauch,HW35,.177
Spring,Weihrauch,HW35,.22
Spring,Weihrauch,HW35,.20
Spring,Weihrauch,HW35E,.177
Spring,Weihrauch,HW35E,.22
Spring,Weihrauch,HW50,.177
Spring,Weihrauch,HW50,.22
Spring,Weihrauch,HW77,.177
Spring,Weihrauch,HW77,.22
Spring,Weihrauch,HW77K,.177
Spring,Weihrauch,HW77K,.22
Spring,Weihrauch,HW77 Jubilee Edition,.177
Spring,Weihrauch,HW77 Jubilee Edition,.22
Spring,Weihrauch,HW80,.177
Spring,Weihrauch,HW80,.22
Spring,Weihrauch,HW80K,.177
Spring,Weihrauch,HW80K,.22
Spring,Weihrauch,HW95,.177
Spring,Weihrauch,HW95,.22
Spring,Weihrauch,HW97K,.177
Spring,Weihrauch,HW97K,.22
Spring,Weihrauch,HW98,.177
Spring,Weihrauch,HW98,.22
Spring,Weihrauch,HW99S,.177
Spring,Weihrauch,HW99S,.22
Spring,Theoben,Eliminator,.177
Spring,Theoben,Eliminator,.22
Spring,Theoben,Eliminator,.25
Spring,Theoben,Evolution,.177
Spring,Theoben,Evolution,.22
Spring,Webley,Excel,.177
Spring,Webley,Excel,.22
Spring,Webley,Excel Carbine,.177
Spring,Webley,Excel Carbine,.22
Spring,Webley,Longbow,.177
Spring,Webley,Longbow,.22
Spring,Webley,Longbow Carbine,.177
Spring,Webley,Longbow Carbine,.22
Spring,Webley,Omega,.177
Spring,Webley,Omega,.22
Spring,Webley,Omega Carbine,.177
Spring,Webley,Omega Carbine,.22
Spring,Webley,Stingray,.177
Spring,Webley,Stingray,.22
Spring,Webley,Stingray Carbine,.177
Spring,Webley,Stingray Carbine,.22
Spring,Webley,Vulcan Mk1,.177
Spring,Webley,Vulcan Mk1,.22
Spring,Webley,Vulcan Mk2,.177
Spring,Webley,Vulcan Mk2,.22
Spring,Webley,Vulcan Mk3,.177
Spring,Webley,Vulcan Mk3,.22
Spring,Webley,Xocet,.177
Spring,Webley,Xocet,.22
Spring,Webley,Xocet Carbine,.177
Spring,Webley,Xocet Carbine,.22
PCP,Air Arms,Galahad Carbine (Soft-Touch Black),.177
PCP,Air Arms,Galahad Carbine (Synthetic),.177
PCP,Air Arms,Galahad Carbine (Walnut),.177
PCP,Air Arms,Galahad Carbine (Walnut Stock),.177
PCP,Air Arms,Kymira Limited Edition,.177
PCP,Air Arms,Kymira Limited Edition,.22
PCP,Air Arms,S400 Single Shot,.177
PCP,Air Arms,S400 Single Shot,.22
PCP,Air Arms,S410 Carbine S/Light 10 Shot,.177
PCP,Air Arms,S510,.177
PCP,Air Arms,S510,.22
PCP,Air Arms,S510 Tactical Regulated,.177
PCP,Air Arms,S510 Tactical Regulated,.22
PCP,Air Arms,S510 Ultimate Sporter R Carbine,.177
PCP,Air Arms,S510 XS Ultimate Sporter,.177
PCP,Air Arms,S510 XS Ultimate Sporter,.22
PCP,Air Arms,S510R Carbine Ultimate Sporter Ambi Laminate,.22
PCP,Air Arms,XTi-50 FT Competition,.177
PCP,Air Arms,XTi-50 HFT Competition,.177
PCP,Air Venturi,Avenger,.177
PCP,Air Venturi,Avenger,.22
PCP,Air Venturi,Avenger,.25
PCP,AirForce,Condor,.177
PCP,AirForce,Condor,.20
PCP,AirForce,Condor,.22
PCP,AirForce,Condor,.25
PCP,AirForce,Condor SS,.25
PCP,AirForce,Texan Big Bore,.357
PCP,AirForce,Texan Big Bore,.457
PCP,AirForce,Texan Carbine CF,.50
PCP,AirMaks,Katran,.177
PCP,AirMaks,Katran,.22
PCP,AirMaks,Krait,.177
PCP,AirMaks,Krait,.22
PCP,AirMaks,Krait,.25
PCP,Artemis,M22,.177
PCP,Benjamin,Akela,.177
PCP,Benjamin,Akela,.22
PCP,Benjamin,Discovery,.177
PCP,Benjamin,Discovery,.22
PCP,Benjamin,Gunnar BPG25S,.25
PCP,Benjamin,Kratos,.22
PCP,Benjamin,Marauder,.177
PCP,Benjamin,Marauder,.22
PCP,Benjamin,Marauder,.25
PCP,Brocock,Commander XR,.177
PCP,Brocock,Commander XR,.22
PCP,Brocock,Ghost Carbine,.177
PCP,Brocock,Ghost Carbine,.22
PCP,Brocock,Sniper XR,.22
PCP,Brocock,Sniper XR,.25
PCP,BSA,Defiant Walnut Stock,.177
PCP,BSA,Defiant Walnut Stock,.22
PCP,BSA,Goldstar SE,.177
PCP,BSA,R12 CLX Pro,.177
PCP,BSA,R12 CLX Pro,.22
PCP,BSA,R12 CLX Pro Black Pepper Laminate,.177
PCP,BSA,R12 CLX Pro Black Pepper Laminate,.22
PCP,BSA,R12 CLX Take-Down Carbon Edition,.177
PCP,BSA,Silverstar,.177
PCP,BSA,Ultra CLX,.177
PCP,Crosman,Trailhawk Multi-Shot,.177
PCP,Daystate,Alpha Wolf,.177
PCP,Daystate,Alpha Wolf,.22
PCP,Daystate,Alpha Wolf,.25
PCP,Daystate,Huntsman Revere,.177
PCP,Daystate,Red Wolf,.177
PCP,Daystate,Red Wolf,.22
PCP,Daystate,Red Wolf,.25
PCP,Daystate,Red Wolf,.303
PCP,Daystate,Red Wolf Heritage,.22
PCP,Daystate,Red Wolf Safari,.22
PCP,Daystate,Wolverine R,.177
PCP,Daystate,Wolverine R,.22
PCP,Diana,Stormrider,.177
PCP,Diana,Stormrider,.22
PCP,Edgun,Leshiy 2,.22
PCP,Edgun,Leshiy 2,.25
PCP,Edgun,Leshiy 2,.30
PCP,FX,Crown Continuum,.177
PCP,FX,Crown Continuum,.22
PCP,FX,Crown Continuum,.25
PCP,FX,Crown Continuum,.30
PCP,FX,Crown MKII Continuum,.177
PCP,FX,Crown MKII Continuum,.22
PCP,FX,Crown MKII Continuum,.25
PCP,FX,Crown MKII Continuum,.30
PCP,FX,Dreamline Classic,.177
PCP,FX,Dreamline Classic,.22
PCP,FX,Dreamline Classic,.25
PCP,FX,Impact M4,.177
PCP,FX,Impact M4,.22
PCP,FX,Impact M4,.25
PCP,FX,Impact M4,.30
PCP,FX,Impact M4,.35
PCP,FX,Impact MKII,.177
PCP,FX,Impact MKII,.22
PCP,FX,Impact MKII,.25
PCP,FX,Impact MKII,.30
PCP,FX,Impact MKII,.35
PCP,Gamo,GX-40,.177
PCP,Gamo,GX-40,.22
PCP,Hatsan,BullBoss,.177
PCP,Hatsan,BullBoss,.22
PCP,Hatsan,BullBoss,.25
PCP,Hatsan,BullBoss QE,.22
PCP,Hatsan,Factor BP,.30
PCP,Hatsan,Factor RC,.177
PCP,Hatsan,Factor RC,.22
PCP,Hatsan,Factor RC,.25
PCP,Hatsan,Flash QE,.177
PCP,Hatsan,Flash QE,.22
PCP,Hatsan,Flash QE,.25
PCP,Hatsan,FlashPup QE,.22
PCP,Hatsan,Gladius Long,.177
PCP,Hatsan,Gladius Long,.22
PCP,Hatsan,Gladius Long,.25
PCP,Hatsan,Hydra Multi-Caliber,.177
PCP,Hatsan,Hydra Multi-Caliber,.22
PCP,Hatsan,Hydra Multi-Caliber,.25
PCP,Hatsan,Hydra Multi-Caliber,.30
PCP,Hatsan,Hydra Multi-Caliber,.35
PCP,Hatsan,Hydra Multi-Caliber,.45
PCP,Hatsan,JET2-QER,.177
PCP,Hatsan,JET2-QER,.22
PCP,Kalibrgun,Cricket II,.22
PCP,Kalibrgun,Cricket II,.25
PCP,Kral,Nish,.177
PCP,Kral,Nish PCP,.177
PCP,Kral,NP-03,.177
PCP,Kral,NP-03,.22
PCP,Kral,Puncher Breaker,.177
PCP,Kral,Puncher Breaker,.22
PCP,Kral,Puncher Bullpup,.22
PCP,Kral,Puncher Bullpup,.25
PCP,Norica,Dark Bull BP,.177
PCP,Norica,Dark Bull BP,.22
PCP,RAW,HM1000X,.25
PCP,RTI,Prophet Performance,.22
PCP,RTI,Prophet Performance,.25
PCP,Seneca,Dragon Claw Dual Tank,.50
PCP,Seneca,Dragon Claw II,.50
PCP,Sig Sauer,MCX Virtus,.22
PCP,Steyr,Hunting 5 Auto,.22
PCP,Steyr,LG110,.177
PCP,Steyr,Pro X,.177
PCP,Stinger,Neptuno,.22
PCP,Umarex,Gauntlet 2,.22
PCP,Umarex,Gauntlet 2,.25
PCP,Umarex,Gauntlet 2SL,.23
PCP,Umarex,Hammer,.50
PCP,Umarex,Hammer Carbine,.50
PCP,Umarex,NCR (Nitrogen Canister),.22
PCP,Umarex,Notos,.22
PCP,Umarex,Zeleos,.50
PCP,Walther,RM8 UC,.177
PCP,Walther,RM8 UC,.22
PCP,Walther,Rotek RM8,.177
PCP,Walther,Rotek RM8,.22
PCP,Weihrauch,HW100 Bullpup K,.177
PCP,Weihrauch,HW100 Bullpup K,.22
PCP,Weihrauch,HW100 FSB,.177
PCP,Weihrauch,HW100 FSB,.22
PCP,Weihrauch,HW100 KS Walnut,.177
PCP,Weihrauch,HW100 KS Walnut,.22
PCP,Weihrauch,HW100 T Laminated Stock,.177
PCP,Weihrauch,HW100 T Laminated Stock,.22
PCP,Weihrauch,HW110,.177
PCP,Weihrauch,HW110,.22
PCP,Weihrauch,HW110K,.177
PCP,Weihrauch,HW110K,.22
PCP,Zbroia,Kozak,.177
PCP,Zbroia,Kozak,.22